,Rank,Movie,Studio,Gross,Theatre,Opening,Opening Theatre,Date,Franchise,Year
0,1,300,WB,210614939,3280,70885301,3103,3/9/07,300,2007
1,2,300: Rise of An Empire,WB,106580051,3490,45038460,3470,3/7/14,300,2014
2,1,Along Came a Spider,Par.,74078174,2573,16712407,2530,4/6/01,Alex Cross,2001
3,2,Kiss the Girls,Par.,60527873,2406,13215167,2271,10/3/97,Alex Cross,1997
4,3,Alex Cross,LG/S,25888412,2541,11396768,2539,10/19/12,Alex Cross,2012
5,1,Alice in Wonderland (2010),BV,334191110,3739,116101023,3728,3/5/10,Alice in Wonderland,2010
6,2,Alice Through the Looking Glass,BV,77041381,3763,26858726,3763,5/27/16,Alice in Wonderland,2016
7,1,Prometheus,Fox,126477084,3442,51050101,3396,6/8/12,Alien,2012
8,2,Aliens,Fox,85160248,1454,10052042,1437,7/18/86,Alien,1986
9,3,Alien Vs. Predator,Fox,80282231,3401,38291056,3395,8/13/04,Alien,2004
10,4,Alien,Fox,78944891,757,3527881,91,5/25/79,Alien,1979
11,5,Alien: Covenant,Fox,74262031,3772,36160621,3761,5/19/17,Alien,2017
12,6,Alien 3,Fox,55473545,2227,19449867,2227,5/22/92,Alien,1992
13,7,Alien Resurrection,Fox,47795658,2449,16474092,2415,11/26/97,Alien,1997
14,8,Aliens Vs. Predator - Requiem,Fox,41797066,2617,10059425,2611,12/25/07,Alien,2007
15,1,Alvin and the Chipmunks: The Squeakquel,Fox,219614612,3747,48875415,3700,12/23/09,Alvin and the Chipmunks,2009
16,2,Alvin and the Chipmunks,Fox,217326974,3499,44307417,3475,12/14/07,Alvin and the Chipmunks,2007
17,3,Alvin and the Chipmunks: Chipwrecked,Fox,133110742,3734,23244744,3723,12/16/11,Alvin and the Chipmunks,2011
18,4,Alvin and the Chipmunks: The Road Chip,Fox,85886987,3705,14287159,3653,12/18/15,Alvin and the Chipmunks,2015
19,5,The Chipmunk Adventure,Gold.,6804312,916,2584720,916,5/22/87,Alvin and the Chipmunks,1987
20,1,American Pie 2,Uni.,145103595,3157,45117985,3063,8/10/01,American Pie,2001
21,2,American Wedding,Uni.,104565114,3175,33369440,3172,8/1/03,American Pie,2003
22,3,American Pie,Uni.,102561004,2544,18709680,2508,7/9/99,American Pie,1999
23,4,American Reunion,Uni.,57011521,3203,21514080,3192,4/6/12,American Pie,2012
24,1,Annabelle: Creation,WB (NL),102092201,3565,35006404,3502,8/11/17,Annabelle,2017
25,2,Annabelle,WB (NL),84273813,3215,37134255,3185,10/3/14,Annabelle,2014
26,1,Austin Powers in Goldmember,NL,213307889,3613,73071188,3613,7/26/02,Austin Powers,2002
27,2,Austin Powers: The Spy Who Shagged Me,NL,206040086,3314,54917604,3312,6/11/99,Austin Powers,1999
28,3,Austin Powers: International Man of Mystery,NL,53883989,2187,9548111,2187,5/2/97,Austin Powers,1997
29,1,Avengers: Infinity War,BV,672913479,4474,257698183,4474,4/27/18,Avengers,2018
30,2,Marvel's The Avengers,BV,623357910,4349,207438708,4349,5/4/12,Avengers,2012
31,3,Avengers: Age of Ultron,BV,459005868,4276,191271109,4276,5/1/15,Avengers,2015
32,1,Back to the Future,Uni.,210609762,1550,11152500,1420,7/3/85,Back to the Future,1985
33,2,Back to the Future Part II,Uni.,118450002,2107,27835125,1865,11/22/89,Back to the Future,1989
34,3,Back to the Future Part III,Uni.,87727583,2070,19089645,2019,5/25/90,Back to the Future,1990
35,1,Bad Boys II,Sony,138608444,3202,46522560,3186,7/18/03,Bad Boys,2003
36,2,Bad Boys,Sony,65807024,2132,15523358,2132,4/7/95,Bad Boys,1995
37,1,Bad Moms,STX,113257297,3215,23817340,3215,7/29/16,Bad Moms,2016
38,2,A Bad Moms Christmas,STX,72110659,3615,16759161,3615,11/1/17,Bad Moms,2017
39,1,Barbershop,MGM,75782105,2176,20627433,1605,9/13/02,Barbershop,2002
40,2,Barbershop 2: Back in Business,MGM,65111277,2711,24241612,2711,2/6/04,Barbershop,2004
41,3,Barbershop: The Next Cut,WB (NL),54030051,2676,20242415,2661,4/15/16,Barbershop,2016
42,4,Beauty Shop((spin-off)),MGM,36351350,2659,12801465,2659,3/30/05,Barbershop,2005
43,1,The Dark Knight,WB,533345358,4366,158411483,4366,7/18/08,Batman,2008
44,2,The Dark Knight Rises,WB,448139099,4404,160887295,4404,7/20/12,Batman,2012
45,3,Batman v Superman: Dawn of Justice,WB,330360194,4256,166007347,4242,3/25/16,Batman,2016
46,4,Batman,WB,251188924,2201,40489746,2194,6/23/89,Batman,1989
47,5,Batman Begins,WB,205343774,3858,48745440,3858,6/15/05,Batman,2005
48,6,Batman Forever,WB,184031112,2893,52784433,2842,6/16/95,Batman,1995
49,7,The LEGO Batman Movie,WB,175750384,4088,53003468,4088,2/10/17,Batman,2017
50,8,Batman Returns,WB,162831698,2644,45687711,2644,6/19/92,Batman,1992
51,9,Batman and Robin,WB,107325195,2942,42872605,2934,6/20/97,Batman,1997
52,10,Batman: Mask of the Phantasm,WB,5617391,1506,1189975,1506,12/25/93,Batman,1993
53,11,Batman: The Killing Joke,Fathom,3775000,1325,0,0,7/25/16,Batman,2016
54,1,The Best Man Holiday,Uni.,70525195,2041,30107555,2024,11/15/13,Best Man,2013
55,2,The Best Man,Uni.,34102780,1348,9031660,1346,10/22/99,Best Man,1999
56,1,Beverly Hills Cop,Par.,234760478,2006,15214805,1532,12/5/84,Beverly Hills Cop,1984
57,2,Beverly Hills Cop II,Par.,153665036,2326,26348555,2326,5/20/87,Beverly Hills Cop,1987
58,3,Beverly Hills Cop III,Par.,42614912,2748,12426169,2748,5/25/94,Beverly Hills Cop,1994
59,1,Big Momma's House,Fox,117559438,2854,25661041,2802,6/2/00,Big Momma,2000
60,2,Big Momma's House 2,Fox,70165972,3261,27736056,3261,1/27/06,Big Momma,2006
61,3,"Big Mommas: Like Father, Like Son",Fox,37915414,2821,16300803,2821,2/18/11,Big Momma,2011
62,1,Blade II,NL,82348319,2707,32528016,2707,3/22/02,Blade,2002
63,2,Blade,NL,70087718,2389,17073856,2322,8/21/98,Blade,1998
64,3,Blade: Trinity,NL,52411906,2912,16061271,2912,12/8/04,Blade,2004
65,1,Blade Runner 2049,WB,92054159,4058,32753122,4058,10/6/17,Blade Runner,2017
66,2,Blade Runner,WB,27580111,1325,6150002,1295,6/25/82,Blade Runner,1982
67,1,The Blair Witch Project,Art.,140539099,2538,1512054,27,7/16/99,Blair Witch,1999
68,2,Book of Shadows: Blair Witch 2,Art.,26437094,3320,13223887,3317,10/27/00,Blair Witch,2000
69,3,Blair Witch,LGF,20777061,3121,9576057,3121,9/16/16,Blair Witch,2016
70,1,The Bourne Ultimatum,Uni.,227471070,3701,69283690,3660,8/3/07,Bourne,2007
71,2,The Bourne Supremacy,Uni.,176241941,3304,52521865,3165,7/23/04,Bourne,2004
72,3,Jason Bourne,Uni.,162434410,4039,59215365,4026,7/29/16,Bourne,2016
73,4,The Bourne Identity,Uni.,121661683,2663,27118640,2638,6/14/02,Bourne,2002
74,5,The Bourne Legacy,Uni.,113203870,3753,38142825,3745,8/10/12,Bourne,2012
75,1,Captain America: Civil War,BV,408084349,4226,179139142,4226,5/6/16,Captain America,2016
76,2,Captain America: The Winter Soldier,BV,259766572,3938,95023721,3938,4/4/14,Captain America,2014
77,3,Captain America: The First Avenger,Par.,176654505,3715,65058524,3715,7/22/11,Captain America,2011
78,1,Cars,BV,244082982,3988,60119509,3985,6/9/06,Cars,2006
79,2,Cars 2,BV,191452396,4115,66135507,4115,6/24/11,Cars,2011
80,3,Cars 3,BV,152901115,4256,53688680,4256,6/16/17,Cars,2017
81,1,"The Chronicles of Narnia: The Lion, the Witch and the Wardrobe",BV,291710957,3853,65556312,3616,12/9/05,The Chronicles of Narnia,2005
82,2,The Chronicles of Narnia: Prince Caspian,BV,141621490,3929,55034805,3929,5/16/08,The Chronicles of Narnia,2008
83,3,The Chronicles of Narnia: The Voyage of the Dawn Treader,Fox,104386950,3555,24005069,3555,12/10/10,The Chronicles of Narnia,2010
84,1,Cloudy with a Chance of Meatballs,Sony,124870275,3119,30304648,3119,9/18/09,Cloudy with a Chance of Meatballs,2009
85,2,Cloudy with a Chance of Meatballs 2,Sony,119793567,4001,34017930,4001,9/27/13,Cloudy with a Chance of Meatballs,2013
86,1,Cloverfield,Par.,80048433,3411,40058229,3411,1/18/08,Cloverfield,2008
87,2,10 Cloverfield Lane,Par.,72082998,3427,24727437,3391,3/11/16,Cloverfield,2016
88,1,The Conjuring,WB (NL),137400141,3115,41855326,2903,7/19/13,The Conjuring,2013
89,2,The Conjuring 2,WB (NL),102470008,3356,40406314,3343,6/10/16,The Conjuring,2016
90,3,Annabelle: Creation,WB (NL),102092201,3565,35006404,3502,8/11/17,The Conjuring,2017
91,4,Annabelle,WB (NL),84273813,3215,37134255,3185,10/3/14,The Conjuring,2014
92,1,Crocodile Dundee,Par.,174803506,1495,8038855,879,9/26/86,Crocodile Dundee,1986
93,2,Crocodile Dundee II,Par.,109306210,2837,24462976,2837,5/25/88,Crocodile Dundee,1988
94,3,Crocodile Dundee in Los Angeles,Par.,25635682,2166,7714362,2123,4/20/01,Crocodile Dundee,2001
95,1,Daddy's Home,Par.,150357137,3483,38740203,3271,12/25/15,Daddy's Home,2015
96,2,Daddy's Home 2,Par.,104029443,3575,29651193,3575,11/10/17,Daddy's Home,2017
97,1,The Dark Knight,WB,533345358,4366,158411483,4366,7/18/08,The Dark Knight Trilogy,2008
98,2,The Dark Knight Rises,WB,448139099,4404,160887295,4404,7/20/12,The Dark Knight Trilogy,2012
99,3,Batman Begins,WB,205343774,3858,48745440,3858,6/15/05,The Dark Knight Trilogy,2005
100,1,Wonder Woman,WB,412563408,4165,103251471,4165,6/2/17,DC Extended Universe,2017
101,2,Batman v Superman: Dawn of Justice,WB,330360194,4256,166007347,4242,3/25/16,DC Extended Universe,2016
102,3,Suicide Squad,WB,325100054,4255,133682248,4255,8/5/16,DC Extended Universe,2016
103,4,Man of Steel,WB,291045518,4207,116619362,4207,6/14/13,DC Extended Universe,2013
104,5,Justice League,WB,229024295,4051,93842239,4051,11/17/17,DC Extended Universe,2017
105,1,Deadpool,Fox,363070709,3856,132434639,3558,2/12/16,Deadpool,2016
106,2,Deadpool 2,Fox,311082941,4349,125507153,4349,5/18/18,Deadpool,2018
107,1,Despicable Me 2,Uni.,368061265,4003,83517315,3997,7/3/13,Despicable Me,2013
108,2,Minions,Uni.,336045770,4311,115718405,4301,7/10/15,Despicable Me,2015
109,3,Despicable Me 3,Uni.,264624300,4535,72434025,4529,6/30/17,Despicable Me,2017
110,4,Despicable Me,Uni.,251513985,3602,56397125,3476,7/9/10,Despicable Me,2010
111,1,Live Free or Die Hard,Fox,134529403,3411,33369559,3408,6/27/07,Die Hard,2007
112,2,Die Hard 2: Die Harder,Fox,117540947,2507,21744661,2507,7/6/90,Die Hard,1990
113,3,Die Hard: With A Vengeance,Fox,100012499,2579,22162245,2525,5/19/95,Die Hard,1995
114,4,Die Hard,Fox,83008852,1713,601851,21,7/15/88,Die Hard,1988
115,5,A Good Day to Die Hard,Fox,67349198,3555,24834845,3553,2/14/13,Die Hard,2013
116,1,Beauty and the Beast (2017),BV,504014165,4210,174750616,4210,3/17/17,Disney Live Action Reimaginings,2017
117,2,The Jungle Book (2016),BV,364001123,4144,103261464,4028,4/15/16,Disney Live Action Reimaginings,2016
118,3,Alice in Wonderland (2010),BV,334191110,3739,116101023,3728,3/5/10,Disney Live Action Reimaginings,2010
119,4,Maleficent,BV,241410378,3948,69431298,3948,5/30/14,Disney Live Action Reimaginings,2014
120,5,Oz The Great and Powerful,BV,234911825,3912,79110453,3912,3/8/13,Disney Live Action Reimaginings,2013
121,6,Cinderella (2015),BV,201151353,3848,67877361,3845,3/13/15,Disney Live Action Reimaginings,2015
122,7,101 Dalmatians (1996),BV,136189294,2901,33504025,2794,11/27/96,Disney Live Action Reimaginings,1996
123,8,Alice Through the Looking Glass,BV,77041381,3763,26858726,3763,5/27/16,Disney Live Action Reimaginings,2016
124,9,Pete's Dragon (2016),BV,76233151,3702,21514095,3702,8/12/16,Disney Live Action Reimaginings,2016
125,1,Divergent,LG/S,150947895,3936,54607747,3936,3/21/14,Divergent,2014
126,2,The Divergent Series: Insurgent,LG/S,130179072,3875,52263680,3875,3/20/15,Divergent,2015
127,3,The Divergent Series: Allegiant,LG/S,66184051,3740,29027348,3740,3/18/16,Divergent,2016
128,1,Dolphin Tale,WB,72286779,3515,19152401,3507,9/23/11,Dolphin Tale,2011
129,2,Dolphin Tale 2,WB,42024533,3656,15873397,3656,9/12/14,Dolphin Tale,2014
130,1,Dumb and Dumber,NL,127175374,2565,16363442,2447,12/16/94,Dumb and Dumber,1994
131,2,Dumb and Dumber To,Uni.,86208010,3188,36111775,3154,11/14/14,Dumb and Dumber,2014
132,3,Dumb and Dumberer: When Harry Met Lloyd,NL,26276465,2609,10845064,2609,6/13/03,Dumb and Dumber,2003
133,1,The Exorcist,WB,193000000,0,0,0,12/26/73,The Exorcist,1973
134,2,Exorcist: The Beginning,WB,41821986,2813,18054001,2803,8/20/04,The Exorcist,2004
135,3,The Exorcist Director's Cut(Re-release),WB,39671011,1708,8175666,664,9/22/00,The Exorcist,2000
136,4,Exorcist II: The Heretic,WB,30749142,703,6735000,703,6/17/77,The Exorcist,1977
137,5,The Exorcist III,Fox,26098824,1414,9312219,1288,8/17/90,The Exorcist,1990
138,1,The Expendables,LGF,103068524,3398,34825135,3270,8/13/10,The Expendables,2010
139,2,The Expendables 2,LGF,85028192,3355,28591370,3316,8/17/12,The Expendables,2012
140,3,The Expendables 3,LGF,39322544,3221,15879645,3221,8/15/14,The Expendables,2014
141,1,Fantastic Four (2005),Fox,154696080,3619,56061504,3602,7/8/05,Fantastic Four,2005
142,2,Fantastic Four: Rise of the Silver Surfer,Fox,131921738,3963,58051684,3959,6/15/07,Fantastic Four,2007
143,3,Fantastic Four,Fox,56117548,4004,25685737,3995,8/7/15,Fantastic Four,2015
144,1,Furious 7,Uni.,353007020,4022,147187040,4004,4/3/15,The Fast and the Furious,2015
145,2,Fast & Furious 6,Uni.,238679850,3771,97375245,3658,5/24/13,The Fast and the Furious,2013
146,3,The Fate of the Furious,Uni.,226008385,4329,98786705,4310,4/14/17,The Fast and the Furious,2017
147,4,Fast Five,Uni.,209837675,3793,86198765,3644,4/29/11,The Fast and the Furious,2011
148,5,Fast and Furious,Uni.,155064265,3674,70950500,3461,4/3/09,The Fast and the Furious,2009
149,6,The Fast and the Furious,Uni.,144533925,2899,40089015,2628,6/22/01,The Fast and the Furious,2001
150,7,2 Fast 2 Furious,Uni.,127154901,3418,50472480,3408,6/6/03,The Fast and the Furious,2003
151,8,The Fast and the Furious: Tokyo Drift,Uni.,62514415,3030,23973840,3027,6/16/06,The Fast and the Furious,2006
152,1,Fifty Shades of Grey,Uni.,166167230,3655,85171450,3646,2/13/15,Fifty Shades,2015
153,2,Fifty Shades Darker,Uni.,114581250,3714,46607250,3710,2/10/17,Fifty Shades,2017
154,3,Fifty Shades Freed,Uni.,100407760,3768,38560195,3768,2/9/18,Fifty Shades,2018
155,1,The Final Destination,WB (NL),66477700,3121,27408309,3121,8/28/09,Final Destination,2009
156,2,Final Destination 3,NL,54098051,2880,19173094,2880,2/10/06,Final Destination,2006
157,3,Final Destination,NL,53331147,2587,10015822,2587,3/17/00,Final Destination,2000
158,4,Final Destination 2,NL,46961214,2834,16017141,2834,1/31/03,Final Destination,2003
159,5,Final Destination 5,WB (NL),42587643,3155,18031396,3155,8/12/11,Final Destination,2011
160,1,Finding Dory,BV,486295561,4305,135060273,4305,6/17/16,Finding Nemo,2016
161,2,Finding Nemo,BV,339714978,3425,70251710,3374,5/30/03,Finding Nemo,2003
162,1,Meet the Fockers,Uni.,279261160,3554,46120980,3518,12/22/04,Fockers,2004
163,2,Meet the Parents,Uni.,166244045,2697,28623300,2614,10/6/00,Fockers,2000
164,3,Little Fockers,Uni.,148438600,3675,30833665,3536,12/22/10,Fockers,2010
165,1,G.I. Joe: The Rise of Cobra,Par.,150201498,4007,54713046,4007,8/7/09,G.I. Joe,2009
166,2,G.I. Joe: Retaliation,Par.,122523060,3734,40501814,3719,3/28/13,G.I. Joe,2013
167,1,Ghostbusters,Col.,229242989,1506,13578151,1339,6/8/84,Ghostbusters,1984
168,2,Ghostbusters (2016),Sony,128350574,3963,46018755,3963,7/15/16,Ghostbusters,2016
169,3,Ghostbusters II,Col.,112494738,2410,29472894,2410,6/16/89,Ghostbusters,1989
170,1,The Godfather,Par.,133698921,0,302393,6,3/15/72,The Godfather,1972
171,2,The Godfather Part III,Par.,66666062,1922,19558558,1901,12/25/90,The Godfather,1990
172,3,The Godfather Part II,Par.,47542841,0,0,0,12/12/74,The Godfather,1974
173,1,Godzilla (2014),WB,200676069,3952,93188384,3952,5/16/14,Godzilla,2014
174,2,Godzilla,Sony,136314294,3310,44047541,3310,5/20/98,Godzilla,1998
175,3,Godzilla 2000,Sony,10037390,2111,4407720,2111,8/18/00,Godzilla,2000
176,4,Godzilla 1985,NW,4116395,235,509502,235,8/23/85,Godzilla,1985
177,5,Shin Godzilla,FUN,1918403,490,458342,34,10/11/16,Godzilla,2016
178,6,Godzilla (Original Japanese Version),Rialto,412520,6,38030,2,5/7/04,Godzilla,2004
179,1,Godzilla (2014),WB,200676069,3952,93188384,3952,5/16/14,Godzilla and Kong Universe,2014
180,2,Kong: Skull Island,WB,168052812,3846,61025472,3846,3/10/17,Godzilla and Kong Universe,2017
181,1,Grown Ups,Sony,162001186,3534,40506562,3534,6/25/10,Grown Ups,2010
182,2,Grown Ups 2,Sony,133668525,3491,41508572,3491,7/12/13,Grown Ups,2013
183,1,Guardians of the Galaxy Vol. 2,BV,389813101,4347,146510104,4347,5/5/17,Guardians of the Galaxy,2017
184,2,Guardians of the Galaxy,BV,333176600,4088,94320883,4080,8/1/14,Guardians of the Galaxy,2014
185,1,The Hangover,WB,277322503,3545,44979319,3269,6/5/09,The Hangover,2009
186,2,The Hangover Part II,WB,254464305,3675,85946294,3615,5/26/11,The Hangover,2011
187,3,The Hangover Part III,WB,112200072,3565,41671198,3555,5/23/13,The Hangover,2013
188,1,Hannibal,MGM,165092268,3292,58003121,3230,2/9/01,Hannibal Lecter,2001
189,2,The Silence of the Lambs,Orion,130742922,1642,13766814,1497,2/14/91,Hannibal Lecter,1991
190,3,Red Dragon,Uni.,93149898,3363,36540945,3357,10/4/02,Hannibal Lecter,2002
191,4,Hannibal Rising,MGM/W,27670986,3003,13051650,3003,2/9/07,Hannibal Lecter,2007
192,5,Manhunter,DEG,8620929,779,2204400,779,8/15/86,Hannibal Lecter,1986
193,1,Harry Potter and the Deathly Hallows Part 2,WB,381011219,4375,169189427,4375,7/15/11,Harry Potter,2011
194,2,Harry Potter and the Sorcerer's Stone,WB,317575550,3672,90294621,3672,11/16/01,Harry Potter,2001
195,3,Harry Potter and the Half-Blood Prince,WB,301959197,4455,77835727,4325,7/15/09,Harry Potter,2009
196,4,Harry Potter and the Deathly Hallows Part 1,WB,295983305,4125,125017372,4125,11/19/10,Harry Potter,2010
197,5,Harry Potter and the Order of the Phoenix,WB,292004738,4285,77108414,4285,7/11/07,Harry Potter,2007
198,6,Harry Potter and the Goblet of Fire,WB,290013036,3858,102685961,3858,11/18/05,Harry Potter,2005
199,7,Harry Potter and the Chamber of Secrets,WB,261988482,3682,88357488,3682,11/15/02,Harry Potter,2002
200,8,Harry Potter and the Prisoner of Azkaban,WB,249541069,3855,93687367,3855,6/4/04,Harry Potter,2004
201,9,Harry Potter IMAX Marathon,Imax,1729226,330,1357376,330,10/14/16,Harry Potter,2016
202,1,Hellboy II: The Golden Army,Uni.,75986503,3212,34539115,3204,7/11/08,Hellboy,2008
203,2,Hellboy,SonR,59623958,3043,23172440,3028,4/2/04,Hellboy,2004
204,1,The Hobbit: An Unexpected Journey,WB (NL),303003568,4100,84617303,4045,12/14/12,The Hobbit,2012
205,2,The Hobbit: The Desolation of Smaug,WB (NL),258366855,3928,73645197,3903,12/13/13,The Hobbit,2013
206,3,The Hobbit: The Battle of the Five Armies,WB (NL),255119788,3875,54724334,3875,12/17/14,The Hobbit,2014
207,1,Home Alone,Fox,285761243,2173,17081997,1202,11/16/90,Home Alone,1990
208,2,Home Alone 2: Lost in New York,Fox,173585516,2461,31126882,2222,11/20/92,Home Alone,1992
209,3,Home Alone 3,Fox,30882515,2261,5085482,2147,12/12/97,Home Alone,1997
210,1,Hotel Transylvania 2,Sony,169700110,3768,48464322,3754,9/25/15,Hotel Transylvania,2015
211,2,Hotel Transylvania,Sony,148313048,3375,42522194,3349,9/28/12,Hotel Transylvania,2012
212,1,How to Train Your Dragon,P/DW,217581231,4060,43732319,4055,3/26/10,How to Train Your Dragon,2010
213,2,How to Train Your Dragon 2,Fox,177002924,4268,49451322,4253,6/13/14,How to Train Your Dragon,2014
214,1,The Hunger Games: Catching Fire,LGF,424668047,4163,158074286,4163,11/22/13,The Hunger Games,2013
215,2,The Hunger Games,LGF,408010692,4137,152535747,4137,3/23/12,The Hunger Games,2012
216,3,The Hunger Games: Mockingjay - Part 1,LGF,337135885,4151,121897634,4151,11/21/14,The Hunger Games,2014
217,4,The Hunger Games: Mockingjay - Part 2,LGF,281723902,4175,102665981,4175,11/20/15,The Hunger Games,2015
218,1,Ice Age: Dawn of the Dinosaurs,Fox,196573705,4102,41690382,4099,7/1/09,Ice Age,2009
219,2,Ice Age: The Meltdown,Fox,195330621,3969,68033544,3964,3/31/06,Ice Age,2006
220,3,Ice Age,Fox,176387405,3345,46312454,3316,3/15/02,Ice Age,2002
221,4,Ice Age: Continental Drift,Fox,161321843,3886,46629259,3881,7/13/12,Ice Age,2012
222,5,Ice Age: Collision Course,Fox,64063008,3997,21373064,3992,7/22/16,Ice Age,2016
223,1,Incredibles 2,BV,448265980,4410,182687905,4410,6/15/18,The Incredibles,2018
224,2,The Incredibles,BV,261441092,3933,70467623,3933,11/5/04,The Incredibles,2004
225,1,Independence Day,Fox,306169268,2977,50228264,2882,7/3/96,Independence Day,1996
226,2,Independence Day: Resurgence,Fox,103144286,4130,41039944,4130,6/24/16,Independence Day,2016
227,1,Indiana Jones and the Kingdom of the Crystal Skull,Par.,317101119,4264,100137835,4260,5/22/08,Indiana Jones,2008
228,2,Raiders of the Lost Ark,Par.,212222025,1078,8305823,1078,6/12/81,Indiana Jones,1981
229,3,Indiana Jones and the Last Crusade,Par.,197171806,2327,29355021,2327,5/24/89,Indiana Jones,1989
230,4,Indiana Jones and the Temple of Doom,Par.,179870271,1687,25337110,1687,5/23/84,Indiana Jones,1984
231,1,Insidious Chapter 2,FD,83586447,3155,40272103,3049,9/13/13,Insidious,2013
232,2,Insidious: The Last Key,Uni.,67347895,3150,29581355,3116,1/5/18,Insidious,2018
233,3,Insidious,FD,54009150,2419,13271464,2408,4/1/11,Insidious,2011
234,4,Insidious Chapter 3,Focus,52218558,3014,22692741,3002,6/5/15,Insidious,2015
235,1,Iron Man 3,BV,409013994,4253,174144585,4253,5/3/13,Iron Man,2013
236,2,Iron Man,Par.,318412101,4154,98618668,4105,5/2/08,Iron Man,2008
237,3,Iron Man 2,Par.,312433331,4390,128122480,4380,5/7/10,Iron Man,2010
238,1,Harry Potter and the Deathly Hallows Part 2,WB,381011219,4375,169189427,4375,7/15/11,J.K. Rowling's Wizarding World,2011
239,2,Harry Potter and the Sorcerer's Stone,WB,317575550,3672,90294621,3672,11/16/01,J.K. Rowling's Wizarding World,2001
240,3,Harry Potter and the Half-Blood Prince,WB,301959197,4455,77835727,4325,7/15/09,J.K. Rowling's Wizarding World,2009
241,4,Harry Potter and the Deathly Hallows Part 1,WB,295983305,4125,125017372,4125,11/19/10,J.K. Rowling's Wizarding World,2010
242,5,Harry Potter and the Order of the Phoenix,WB,292004738,4285,77108414,4285,7/11/07,J.K. Rowling's Wizarding World,2007
243,6,Harry Potter and the Goblet of Fire,WB,290013036,3858,102685961,3858,11/18/05,J.K. Rowling's Wizarding World,2005
244,7,Harry Potter and the Chamber of Secrets,WB,261988482,3682,88357488,3682,11/15/02,J.K. Rowling's Wizarding World,2002
245,8,Harry Potter and the Prisoner of Azkaban,WB,249541069,3855,93687367,3855,6/4/04,J.K. Rowling's Wizarding World,2004
246,9,Fantastic Beasts and Where To Find Them,WB,234037575,4144,74403387,4144,11/18/16,J.K. Rowling's Wizarding World,2016
247,10,Harry Potter IMAX Marathon,Imax,1729226,330,1357376,330,10/14/16,J.K. Rowling's Wizarding World,2016
248,1,Jack Reacher,Par.,80070736,3352,15210156,3352,12/21/12,Jack Reacher,2012
249,2,Jack Reacher: Never Go Back,Par.,58697076,3780,22872490,3780,10/21/16,Jack Reacher,2016
250,1,Clear and Present Danger,Par.,122187717,2433,20348017,2378,8/5/94,Jack Ryan,1994
251,2,The Hunt for Red October,Par.,122012643,1817,17161835,1225,3/2/90,Jack Ryan,1990
252,3,The Sum of All Fears,Par.,118907036,3230,31178526,3183,5/31/02,Jack Ryan,2002
253,4,Patriot Games,Par.,83351587,2396,18511191,2365,6/5/92,Jack Ryan,1992
254,5,Jack Ryan: Shadow Recruit,Par.,50577412,3387,15451981,3387,1/17/14,Jack Ryan,2014
255,1,Jackass 3-D,Par.,117229692,3139,50353641,3081,10/15/10,Jackass,2010
256,2,Jackass Presents: Bad Grandpa,Par.,102003019,3345,32055177,3336,10/25/13,Jackass,2013
257,3,Jackass: Number Two,Par.,72778712,3063,29002002,3059,9/22/06,Jackass,2006
258,4,Jackass: The Movie,Par.,64255312,2532,22763437,2509,10/25/02,Jackass,2002
259,1,Skyfall,Sony,304360277,3526,88364714,3505,11/9/12,James Bond,2012
260,2,Spectre,Sony,200074609,3929,70403148,3929,11/6/15,James Bond,2015
261,3,Quantum of Solace,Sony,168368427,3501,67528882,3451,11/14/08,James Bond,2008
262,4,Casino Royale,Sony,167445960,3443,40833156,3434,11/17/06,James Bond,2006
263,5,Die Another Day,MGM,160942139,3377,47072040,3314,11/22/02,James Bond,2002
264,6,The World Is Not Enough,MGM,126943684,3163,35519007,3163,11/19/99,James Bond,1999
265,7,Tomorrow Never Dies,MGM,125304276,2807,25143007,2807,12/19/97,James Bond,1997
266,8,GoldenEye,MGM,106429941,2667,26205007,2667,11/17/95,James Bond,1995
267,9,Moonraker,MGM,70308099,0,7108344,788,6/29/79,James Bond,1979
268,10,Octopussy,MGM,67893619,1339,8902564,1311,6/10/83,James Bond,1983
269,11,Thunderball,UA,63595658,0,0,0,12/21/65,James Bond,2065
270,12,Never Say Never Again,WB,55432841,1560,10958157,1550,10/7/83,James Bond,1983
271,13,For Your Eyes Only,MGM,54812802,0,6834967,952,6/26/81,James Bond,1981
272,14,The Living Daylights,UA,51185897,1728,11051284,1728,7/31/87,James Bond,1987
273,15,Goldfinger,UA,51081062,0,0,0,12/22/64,James Bond,2064
274,16,A View to a Kill,MGM,50327960,1588,10687114,1583,5/24/85,James Bond,1985
275,17,The Spy Who Loved Me,UA,46838673,0,0,200,7/13/77,James Bond,1977
276,18,Diamonds Are Forever,UA,43819547,0,0,0,12/17/71,James Bond,1971
277,19,You Only Live Twice,UA,43084787,0,0,0,6/13/67,James Bond,2067
278,20,Live and Let Die,UA,35377836,0,0,0,6/27/73,James Bond,1973
279,21,Licence to Kill,UA,34667015,1587,8774776,1575,7/14/89,James Bond,1989
280,22,"From Russia, with Love",UA,24796765,0,0,0,4/8/64,James Bond,2064
281,23,On Her Majesty's Secret Service,UA,22774493,0,0,0,12/18/69,James Bond,1969
282,24,The Man with the Golden Gun,UA,20972000,0,0,0,12/18/74,James Bond,1974
283,25,Dr. No,UA,16067035,0,0,0,5/8/63,James Bond,2063
284,1,Jaws,Uni.,260000000,675,7061513,409,6/20/75,Jaws,1975
285,2,Jaws 2,Uni.,77737272,640,9866023,640,6/16/78,Jaws,1978
286,3,Jaws 3-D,Uni.,45517055,1311,13422500,1300,7/22/83,Jaws,1983
287,4,Jaws IV: The Revenge,Uni.,20763013,1611,7154890,1606,7/17/87,Jaws,1987
288,1,John Wick: Chapter Two,LG/S,92029184,3113,30436123,3113,2/10/17,John Wick,2017
289,2,John Wick,LG/S,43037835,2589,14415922,2589,10/24/14,John Wick,2014
290,1,22 Jump Street,Sony,191719337,3426,57071445,3306,6/13/14,Jump Street,2014
291,2,21 Jump Street,Sony,138447667,3148,36302612,3121,3/16/12,Jump Street,2012
292,1,Jurassic World,Uni.,652270625,4291,208806270,4274,6/12/15,Jurassic Park,2015
293,2,Jurassic Park,Uni.,357067947,2566,47026828,2404,6/11/93,Jurassic Park,1993
294,3,Jurassic World: Fallen Kingdom,Uni.,274279755,4485,148024610,4475,6/22/18,Jurassic Park,2018
295,4,The Lost World: Jurassic Park,Uni.,229086679,3565,72132785,3281,5/23/97,Jurassic Park,1997
296,5,Jurassic Park III,Uni.,181171875,3462,50771645,3434,7/18/01,Jurassic Park,2001
297,1,The Karate Kid,Sony,176591618,3740,55665805,3663,6/11/10,The Karate Kid,2010
298,2,The Karate Kid Part II,Col.,115103979,1610,12652336,1323,6/20/86,The Karate Kid,1986
299,3,The Karate Kid,Col.,90815558,1111,5031753,931,6/22/84,The Karate Kid,1984
300,4,The Karate Kid Part III,Col.,38956288,1569,10364544,1560,6/30/89,The Karate Kid,1989
301,5,The Next Karate Kid,Col.,8914777,1489,2620484,1489,8/12/94,The Karate Kid,1994
302,1,King Kong,Uni.,218080025,3627,50130145,3568,12/14/05,King Kong,2005
303,2,Kong: Skull Island,WB,168052812,3846,61025472,3846,3/10/17,King Kong,2017
304,3,King Kong (1976),Par.,52614445,0,7023921,974,12/17/76,King Kong,1976
305,4,King Kong Lives,DEG,4711220,1105,1172942,1105,12/19/86,King Kong,1986
306,1,Kingsman: The Secret Service,Fox,128261724,3282,36206331,3204,2/13/15,Kingsman Franchise,2015
307,2,Kingsman: The Golden Circle,Fox,100234838,4038,39023010,4003,9/22/17,Kingsman Franchise,2017
308,1,Kung Fu Panda,P/DW,215434591,4136,60239130,4114,6/6/08,Kung Fu Panda,2008
309,2,Kung Fu Panda 2,P/DW,165249063,3952,47656302,3925,5/26/11,Kung Fu Panda,2011
310,3,Kung Fu Panda 3,Fox,143528619,3987,41282042,3955,1/29/16,Kung Fu Panda,2016
311,1,The LEGO Movie,WB,257760692,3890,69050279,3775,2/7/14,LEGO,2014
312,2,The LEGO Batman Movie,WB,175750384,4088,53003468,4088,2/10/17,LEGO,2017
313,3,The LEGO Ninjago Movie,WB,59281555,4047,20433071,4047,9/22/17,LEGO,2017
314,1,Lethal Weapon 2,WB,147253986,1830,20388800,1803,7/7/89,Lethal Weapon,1989
315,2,Lethal Weapon 3,WB,144731527,2568,33243086,2510,5/15/92,Lethal Weapon,1992
316,3,Lethal Weapon 4,WB,130444603,3117,34048124,3117,7/10/98,Lethal Weapon,1998
317,4,Lethal Weapon,WB,65207127,1420,6829949,1256,3/6/87,Lethal Weapon,1987
318,1,Look Who's Talking,TriS,140088813,1651,12107784,1208,10/13/89,Look Who's Talking,1989
319,2,Look Who's Talking Too,TriS,47789074,1647,8100640,1576,12/14/90,Look Who's Talking,1990
320,3,Look Who's Talking Now,TriS,10340263,1886,4022570,1858,11/5/93,Look Who's Talking,1993
321,1,The Lord of the Rings: The Return of the King,NL,377027325,3703,72629713,3703,12/17/03,The Lord of the Rings,2003
322,2,The Lord of the Rings: The Two Towers,NL,339789881,3622,62007528,3622,12/18/02,The Lord of the Rings,2002
323,3,The Lord of the Rings: The Fellowship of the Ring,NL,313364114,3381,47211490,3359,12/19/01,The Lord of the Rings,2001
324,4,The Lord of the Rings (1978),UA,30471420,31,626649,31,11/15/78,The Lord of the Rings,1978
325,1,Mad Max: Fury Road,WB,153636354,3722,45428128,3702,5/15/15,Mad Max,2015
326,2,Mad Max Beyond Thunderdome,WB,36230219,1475,7283714,1474,7/12/85,Mad Max,1985
327,3,The Road Warrior,WB,23667907,708,2527864,704,5/21/82,Mad Max,1982
328,4,Mad Max,Film,8750000,0,0,0,3/21/80,Mad Max,1980
329,1,Madagascar 3: Europe's Most Wanted,P/DW,216391482,4263,60316738,4258,6/8/12,Madagascar,2012
330,2,Madagascar,DW,193595521,4142,47224594,4131,5/27/05,Madagascar,2005
331,3,Madagascar: Escape 2 Africa,P/DW,180010950,4065,63106589,4056,11/7/08,Madagascar,2008
332,4,Penguins of Madagascar,Fox,83350911,3775,25447444,3764,11/26/14,Madagascar,2014
333,1,Tyler Perry's Madea Goes to Jail,LGF,90508336,2203,41030947,2032,2/20/09,Madea,2009
334,2,Boo! A Madea Halloween,LGF,73206343,2299,28501448,2260,10/21/16,Madea,2016
335,3,Tyler Perry's Madea's Witness Protection,LGF,65653242,2161,25390575,2161,6/29/12,Madea,2012
336,4,Tyler Perry's Madea's Family Reunion,LGF,63257940,2194,30030661,2194,2/24/06,Madea,2006
337,5,Tyler Perry's Madea's Big Happy Family,LGF,53345287,2288,25068677,2288,4/22/11,Madea,2011
338,6,Tyler Perry's A Madea Christmas,LGF,52543354,2194,16007634,2194,12/13/13,Madea,2013
339,7,Tyler Perry's Diary of a Mad Black Woman,Lions,50633099,1703,21905089,1483,2/25/05,Madea,2005
340,8,Tyler Perry's Boo 2! A Madea Halloween,LGF,47319572,2388,21226953,2388,10/20/17,Madea,2017
341,1,Black Panther,BV,699822507,4084,202003951,4020,2/16/18,Marvel Cinematic Universe,2018
342,2,Avengers: Infinity War,BV,672913479,4474,257698183,4474,4/27/18,Marvel Cinematic Universe,2018
343,3,Marvel's The Avengers,BV,623357910,4349,207438708,4349,5/4/12,Marvel Cinematic Universe,2012
344,4,Avengers: Age of Ultron,BV,459005868,4276,191271109,4276,5/1/15,Marvel Cinematic Universe,2015
345,5,Iron Man 3,BV,409013994,4253,174144585,4253,5/3/13,Marvel Cinematic Universe,2013
346,6,Captain America: Civil War,BV,408084349,4226,179139142,4226,5/6/16,Marvel Cinematic Universe,2016
347,7,Guardians of the Galaxy Vol. 2,BV,389813101,4347,146510104,4347,5/5/17,Marvel Cinematic Universe,2017
348,8,Spider-Man: Homecoming,Sony,334201140,4348,117027503,4348,7/7/17,Marvel Cinematic Universe,2017
349,9,Guardians of the Galaxy,BV,333176600,4088,94320883,4080,8/1/14,Marvel Cinematic Universe,2014
350,10,Iron Man,Par.,318412101,4154,98618668,4105,5/2/08,Marvel Cinematic Universe,2008
351,11,Thor: Ragnarok,BV,315058289,4080,122744989,4080,11/3/17,Marvel Cinematic Universe,2017
352,12,Iron Man 2,Par.,312433331,4390,128122480,4380,5/7/10,Marvel Cinematic Universe,2010
353,13,Captain America: The Winter Soldier,BV,259766572,3938,95023721,3938,4/4/14,Marvel Cinematic Universe,2014
354,14,Doctor Strange,BV,232641920,3882,85058311,3882,11/4/16,Marvel Cinematic Universe,2016
355,15,Thor: The Dark World,BV,206362140,3841,85737841,3841,11/8/13,Marvel Cinematic Universe,2013
356,16,Thor,Par.,181030624,3963,65723338,3955,5/6/11,Marvel Cinematic Universe,2011
357,17,Ant-Man,BV,180202163,3868,57225526,3856,7/17/15,Marvel Cinematic Universe,2015
358,18,Captain America: The First Avenger,Par.,176654505,3715,65058524,3715,7/22/11,Marvel Cinematic Universe,2011
359,19,The Incredible Hulk,Uni.,134806913,3508,55414050,3505,6/13/08,Marvel Cinematic Universe,2008
360,1,The Matrix Reloaded,WB,281576461,3603,91774413,3603,5/15/03,The Matrix,2003
361,2,The Matrix,WB,171479930,2903,27788331,2849,3/31/99,The Matrix,1999
362,3,The Matrix Revolutions,WB,139313948,3502,48475154,3502,11/5/03,The Matrix,2003
363,1,The Maze Runner,Fox,102427862,3638,32512804,3604,9/19/14,Maze Runner,2014
364,2,Maze Runner: The Scorch Trials,Fox,81697192,3792,30316510,3791,9/18/15,Maze Runner,2015
365,3,Maze Runner: The Death Cure,Fox,58032443,3793,24167011,3787,1/26/18,Maze Runner,2018
366,1,Men in Black,Sony,250690539,3180,51068455,3020,7/2/97,Men in Black,1997
367,2,Men in Black II,Sony,190418803,3641,52148751,3557,7/3/02,Men in Black,2002
368,3,MIB 3,Sony,179020854,4248,54592779,4248,5/25/12,Men in Black,2012
369,1,The Lord of the Rings: The Return of the King,NL,377027325,3703,72629713,3703,12/17/03,Middle Earth,2003
370,2,The Lord of the Rings: The Two Towers,NL,339789881,3622,62007528,3622,12/18/02,Middle Earth,2002
371,3,The Lord of the Rings: The Fellowship of the Ring,NL,313364114,3381,47211490,3359,12/19/01,Middle Earth,2001
372,4,The Hobbit: An Unexpected Journey,WB (NL),303003568,4100,84617303,4045,12/14/12,Middle Earth,2012
373,5,The Hobbit: The Desolation of Smaug,WB (NL),258366855,3928,73645197,3903,12/13/13,Middle Earth,2013
374,6,The Hobbit: The Battle of the Five Armies,WB (NL),255119788,3875,54724334,3875,12/17/14,Middle Earth,2014
375,1,Mission: Impossible II,Par.,215409889,3669,57845297,3653,5/24/00,Mission: Impossible,2000
376,2,Mission: Impossible - Ghost Protocol,Par.,209397903,3555,12785204,425,12/16/11,Mission: Impossible,2011
377,3,Mission: Impossible - Rogue Nation,Par.,195042377,3988,55520089,3956,7/31/15,Mission: Impossible,2015
378,4,Mission: Impossible,Par.,180981856,3012,45436830,3012,5/22/96,Mission: Impossible,1996
379,5,Mission: Impossible III,Par.,134029801,4059,47743273,4054,5/5/06,Mission: Impossible,2006
380,1,Monsters University,BV,268492764,4004,82429469,4004,6/21/13,"Monsters, Inc.",2013
381,2,"Monsters, Inc.",BV,255873250,3649,62577067,3237,11/2/01,"Monsters, Inc.",2001
382,1,The Mummy Returns,Uni.,202019785,3553,68139035,3401,5/4/01,The Mummy,2001
383,2,The Mummy,Uni.,155385488,3411,43369635,3210,5/7/99,The Mummy,1999
384,3,The Mummy: Tomb of the Dragon Emperor,Uni.,102491776,3778,40457770,3760,8/1/08,The Mummy,2008
385,4,The Scorpion King,Uni.,91047077,3466,36075875,3444,4/19/02,The Mummy,2002
386,1,My Big Fat Greek Wedding,IFC,241438208,2016,597362,108,4/19/02,My Big Fat Greek Wedding,2002
387,2,My Big Fat Greek Wedding 2,Uni.,59689605,3179,17861950,3133,3/25/16,My Big Fat Greek Wedding,2016
388,1,The Naked Gun 2 1/2: The Smell of Fear,Par.,86930411,2378,20817139,2378,6/28/91,The Naked Gun,1991
389,2,The Naked Gun: From the Files of Police Squad!,Par.,78756177,1969,9331746,1576,12/2/88,The Naked Gun,1988
390,3,The Naked Gun 33 1/3: The Final Insult,Par.,51132598,2383,13216531,2361,3/18/94,The Naked Gun,1994
391,1,Neighbors,Uni.,150157400,3311,49033915,3279,5/9/14,Neighbors,2014
392,2,Neighbors 2: Sorority Rising,Uni.,55455765,3416,21760405,3384,5/20/16,Neighbors,2016
393,1,Night at the Museum,Fox,250863268,3768,30433781,3685,12/22/06,Night at the Museum,2006
394,2,Night at the Museum: Battle of the Smithsonian,Fox,177243721,4101,54173286,4096,5/22/09,Night at the Museum,2009
395,3,Night at the Museum: Secret of the Tomb,Fox,113746621,3914,17100520,3785,12/19/14,Night at the Museum,2014
396,1,Now You See Me,LG/S,117723989,3082,29350389,2925,5/31/13,Now You See Me,2013
397,2,Now You See Me 2,LG/S,65075540,3232,22383146,3232,6/10/16,Now You See Me,2016
398,1,Ocean's Eleven,WB,183417150,3075,38107822,3075,12/7/01,Ocean's 11,2001
399,2,Ocean's Twelve,WB,125544280,3290,39153380,3290,12/10/04,Ocean's 11,2004
400,3,Ocean's Thirteen,WB,117154724,3565,36133403,3565,6/8/07,Ocean's 11,2007
401,4,Ocean's 8,WB,116378931,4145,41607378,4145,6/8/18,Ocean's 11,2018
402,1,Pacific Rim,WB,101802906,3285,37285325,3275,7/12/13,Pacific Rim,2013
403,2,Pacific Rim Uprising,Uni.,59185715,3708,28116535,3708,3/23/18,Pacific Rim,2018
404,1,Paddington,W/Dim.,76271832,3355,18966676,3303,1/16/15,Paddington Bear,2015
405,2,Paddington 2,WB,40442052,3702,11001961,3702,1/12/18,Paddington Bear,2018
406,1,Paranormal Activity,Par.,107918810,2712,77873,12,9/25/09,Paranormal Activity,2009
407,2,Paranormal Activity 3,Par.,104028807,3329,52568183,3321,10/21/11,Paranormal Activity,2011
408,3,Paranormal Activity 2,Par.,84752907,3239,40678424,3216,10/22/10,Paranormal Activity,2010
409,4,Paranormal Activity 4,Par.,53900335,3412,29003866,3412,10/19/12,Paranormal Activity,2012
410,5,Paranormal Activity: The Marked Ones,Par.,32462372,2883,18343611,2867,1/3/14,Paranormal Activity,2014
411,6,Paranormal Activity: The Ghost Dimension,Par.,18300124,1656,8070493,1656,10/23/15,Paranormal Activity,2015
412,1,Paul Blart: Mall Cop,Sony,146336178,3206,31832636,3144,1/16/09,Paul Blart,2009
413,2,Paul Blart: Mall Cop 2,Sony,71038190,3633,23762435,3633,4/17/15,Paul Blart,2015
414,1,Pirates of the Caribbean: Dead Man's Chest,BV,423315812,4133,135634554,4133,7/7/06,Pirates of the Caribbean,2006
415,2,Pirates of the Caribbean: At World's End,BV,309420425,4362,114732820,4362,5/25/07,Pirates of the Caribbean,2007
416,3,Pirates of the Caribbean: The Curse of the Black Pearl,BV,305413918,3416,46630690,3269,7/9/03,Pirates of the Caribbean,2003
417,4,Pirates of the Caribbean: On Stranger Tides,BV,241071802,4164,90151958,4155,5/20/11,Pirates of the Caribbean,2011
418,5,Pirates of the Caribbean: Dead Men Tell No Tales,BV,172558876,4276,62983253,4276,5/26/17,Pirates of the Caribbean,2017
419,1,Pitch Perfect 2,Uni.,184296230,3660,69216890,3473,5/15/15,Pitch Perfect Trilogy,2015
420,2,Pitch Perfect 3,Uni.,104897530,3468,19928525,3447,12/22/17,Pitch Perfect Trilogy,2017
421,3,Pitch Perfect,Uni.,65001093,2787,5149433,335,9/28/12,Pitch Perfect Trilogy,2012
422,1,Dawn of the Planet of the Apes,Fox,208545589,3969,72611427,3967,7/11/14,Planet of the Apes,2014
423,2,Planet of the Apes (2001),Fox,180011740,3530,68532960,3500,7/27/01,Planet of the Apes,2001
424,3,Rise of the Planet of the Apes,Fox,176760185,3691,54806191,3648,8/5/11,Planet of the Apes,2011
425,4,War for the Planet of the Apes,Fox,146880162,4100,56262929,4022,7/14/17,Planet of the Apes,2017
426,5,Planet of the Apes,Fox,32589624,0,0,0,2/8/68,Planet of the Apes,2068
427,6,Beneath the Planet of the Apes,Fox,18999718,0,0,0,5/27/70,Planet of the Apes,1970
428,7,Escape from the Planet of the Apes,Fox,12348905,0,0,0,5/21/71,Planet of the Apes,1971
429,8,Conquest of the Planet of the Apes,Fox,9043472,0,0,0,6/14/72,Planet of the Apes,1972
430,9,Battle for the Planet of the Apes,Fox,8844595,0,0,0,5/23/73,Planet of the Apes,1973
431,1,Dawn of the Planet of the Apes,Fox,208545589,3969,72611427,3967,7/11/14,Planet of the Apes (2011-2017),2014
432,2,Rise of the Planet of the Apes,Fox,176760185,3691,54806191,3648,8/5/11,Planet of the Apes (2011-2017),2011
433,3,War for the Planet of the Apes,Fox,146880162,4100,56262929,4022,7/14/17,Planet of the Apes (2011-2017),2017
434,1,Porky's,Fox,105492483,1605,7623988,1148,3/19/82,Porky's,1982
435,2,Porky's II: The Next Day,Fox,33759266,1564,7054988,1511,6/24/83,Porky's,1983
436,3,Porky's Revenge (Part III),Fox,20518905,1423,6207507,1423,3/22/85,Porky's,1985
437,1,Alien Vs. Predator,Fox,80282231,3401,38291056,3395,8/13/04,Predator,2004
438,2,Predator,Fox,59735548,1636,12031638,1623,6/12/87,Predator,1987
439,3,Predators,Fox,52000688,2669,24760882,2669,7/9/10,Predator,2010
440,4,Aliens Vs. Predator - Requiem,Fox,41797066,2617,10059425,2611,12/25/07,Predator,2007
441,5,Predator 2,Fox,30669413,1978,8784943,1950,11/21/90,Predator,1990
442,1,The Purge: Election Year,Uni.,79213375,2821,31515110,2796,7/1/16,The Purge,2016
443,2,The Purge: Anarchy,Uni.,71962800,2856,29816675,2805,7/18/14,The Purge,2014
444,3,The Purge,Uni.,64473115,2591,34058360,2536,6/7/13,The Purge,2013
445,1,Rambo: First Blood Part II,TriS,150415432,2074,20176217,2074,5/22/85,Rambo,1985
446,2,Rambo III,TriS,53715611,2562,13034238,2562,5/25/88,Rambo,1988
447,3,First Blood,Orion,47212904,1054,6642005,901,10/22/82,Rambo,1982
448,4,Rambo,LGF,42754105,2764,18203876,2751,1/25/08,Rambo,2008
449,1,Red,Sum.,90380162,3349,21761408,3255,10/15/10,Red,2010
450,2,Red 2,LG/S,53262560,3016,18048422,3016,7/19/13,Red,2013
451,1,Ride Along,Uni.,134938200,2867,41516170,2663,1/17/14,Ride Along,2014
452,2,Ride Along 2,Uni.,91221830,3192,35243095,3175,1/15/16,Ride Along,2016
453,1,The Ring,DW,129128133,2927,15015393,1981,10/18/02,The Ring,2002
454,2,The Ring Two,DW,76231249,3341,35065237,3332,3/18/05,The Ring,2005
455,3,Rings,Par.,27793018,2931,13002632,2931,2/3/17,The Ring,2017
456,1,Rio,Fox,143619809,3842,39225962,3826,4/15/11,Rio,2011
457,2,Rio 2,Fox,131538435,3975,39327869,3948,4/11/14,Rio,2014
458,1,The Da Vinci Code,Sony,217536138,3757,77073388,3735,5/19/06,Robert Langdon,2006
459,2,Angels & Demons,Sony,133375846,3527,46204168,3527,5/15/09,Robert Langdon,2009
460,3,Inferno,Sony,34343574,3576,14860425,3576,10/28/16,Robert Langdon,2016
461,1,Rocky IV,UA,127873716,2254,19991537,1325,11/27/85,Rocky,1985
462,2,Rocky III,UA,124146897,1317,12431486,939,5/28/82,Rocky,1982
463,3,Rocky,UA,117235147,0,0,0,11/21/76,Rocky,1976
464,4,Creed,WB (NL),109767581,3502,29632823,3404,11/25/15,Rocky,2015
465,5,Rocky II,UA,85182160,0,6390537,780,6/15/79,Rocky,1979
466,6,Rocky Balboa,MGM,70270943,3019,12158168,3017,12/20/06,Rocky,2006
467,7,Rocky V,UA,40946358,2106,14073170,2053,11/16/90,Rocky,1990
468,1,The Rugrats Movie,Par.,100494675,2832,27321470,2782,11/20/98,Rugrats,1998
469,2,Rugrats in Paris: The Movie,Par.,76507756,2937,22718184,2934,11/17/00,Rugrats,2000
470,3,Rugrats Go Wild,Par.,39402572,3041,11556869,3041,6/13/03,Rugrats,2003
471,1,Rush Hour 2,NL,226164286,3118,67408222,3118,8/3/01,Rush Hour,2001
472,2,Rush Hour,NL,141186864,2724,33001803,2638,9/18/98,Rush Hour,1998
473,3,Rush Hour 3,NL,140125968,3778,49100158,3778,8/10/07,Rush Hour,2007
474,1,The Santa Clause,BV,144833357,2388,19321992,2183,11/11/94,The Santa Clause,1994
475,2,The Santa Clause 2,BV,139236327,3352,29008696,3350,11/1/02,The Santa Clause,2002
476,3,The Santa Clause 3: The Escape Clause,BV,84500122,3458,19504038,3458,11/3/06,The Santa Clause,2006
477,1,Saw II,Lions,87039965,2949,31725652,2949,10/28/05,Saw,2005
478,2,Saw III,LGF,80238724,3167,33610391,3167,10/27/06,Saw,2006
479,3,Saw IV,LGF,63300095,3183,31756764,3183,10/26/07,Saw,2007
480,4,Saw V,LGF,56746769,3084,30053954,3060,10/24/08,Saw,2008
481,5,Saw,Lions,55185045,2467,18276468,2315,10/29/04,Saw,2004
482,6,Saw 3D,LGF,45710178,2808,22530123,2808,10/29/10,Saw,2010
483,7,Jigsaw,LGF,38052832,2941,16640452,2941,10/27/17,Saw,2017
484,8,Saw VI,LGF,27693292,3036,14118444,3036,10/23/09,Saw,2009
485,1,Scary Movie,Mira.,157019771,3301,42346669,2912,7/7/00,Scary Movie,2000
486,2,Scary Movie 3,Dim.,110003217,3505,48113770,3505,10/24/03,Scary Movie,2003
487,3,Scary Movie 4,W/Dim.,90710620,3674,40222875,3602,4/14/06,Scary Movie,2006
488,4,Scary Movie 2,Mira.,71308997,3220,20503356,3220,7/4/01,Scary Movie,2001
489,5,Scary Movie 5,W/Dim.,32015787,3402,14157367,3402,4/12/13,Scary Movie,2013
490,1,Scooby-Doo,WB,153294164,3447,54155312,3447,6/14/02,Scooby-Doo,2002
491,2,Scooby-Doo 2: Monsters Unleashed,WB,84216833,3312,29438331,3312,3/26/04,Scooby-Doo,2004
492,1,Scream,Dim.,103046663,1994,6354586,1413,12/20/96,Scream,1996
493,2,Scream 2,Dim.,101363301,2688,32926342,2663,12/12/97,Scream,1997
494,3,Scream 3,Dim.,89143175,3467,34713342,3467,2/4/00,Scream,2000
495,4,Scream 4,W/Dim.,38180928,3314,18692090,3305,4/15/11,Scream,2011
496,1,Sherlock Holmes,WB,209028679,3626,62304277,3626,12/25/09,Sherlock Holmes,2009
497,2,Sherlock Holmes: A Game of Shadows,WB,186848418,3703,39637079,3703,12/16/11,Sherlock Holmes,2011
498,1,Shrek 2,DW,441226247,4223,108037878,4163,5/19/04,Shrek,2004
499,2,Shrek the Third,P/DW,322719944,4172,121629270,4122,5/18/07,Shrek,2007
500,3,Shrek,DW,267665011,3715,42347760,3587,5/16/01,Shrek,2001
501,4,Shrek Forever After,P/DW,238736787,4386,70838207,4359,5/21/10,Shrek,2010
502,5,Puss in Boots,P/DW,149260504,3963,34077439,3952,10/28/11,Shrek,2011
503,1,Smokey and the Bandit,Uni.,126737428,0,0,0,5/27/77,Smokey and the Bandit,1977
504,2,Smokey and the Bandit II,Uni.,66132626,0,10883835,1196,8/15/80,Smokey and the Bandit,1980
505,3,Smokey & the Bandit Part III,Uni.,5678950,1119,1728060,498,8/12/83,Smokey and the Bandit,1983
506,1,The Smurfs,Sony,142614158,3427,35611637,3395,7/29/11,The Smurfs,2011
507,2,The Smurfs 2,Sony,71017784,3867,17548389,3866,7/31/13,The Smurfs,2013
508,3,Smurfs: The Lost Village,Sony,45020282,3610,13210449,3610,4/7/17,The Smurfs,2017
509,4,The Smurfs and the Magic Flute,Atl,11234220,432,1180582,183,10/7/83,The Smurfs,1983
510,1,Snow White and the Huntsman,Uni.,155332381,3777,56217700,3773,6/1/12,Snow White and the Huntsman,2012
511,2,The Huntsman: Winter's War,Uni.,48390190,3802,19445035,3791,4/22/16,Snow White and the Huntsman,2016
512,1,Spider-Man,Sony,403706375,3876,114844116,3615,5/3/02,Spider-Man,2002
513,2,Spider-Man 2,Sony,373585825,4166,88156227,4152,6/30/04,Spider-Man,2004
514,3,Spider-Man 3,Sony,336530303,4324,151116516,4252,5/4/07,Spider-Man,2007
515,4,Spider-Man: Homecoming,Sony,334201140,4348,117027503,4348,7/7/17,Spider-Man,2017
516,5,The Amazing Spider-Man,Sony,262030663,4318,62004688,4318,7/3/12,Spider-Man,2012
517,6,The Amazing Spider-Man 2,Sony,202853933,4324,91608337,4324,5/2/14,Spider-Man,2014
518,1,The SpongeBob Movie: Sponge Out of Water,Par.,162994032,3680,55365012,3641,2/6/15,SpongeBob,2015
519,2,The SpongeBob SquarePants Movie,Par.,85417988,3307,32018216,3212,11/19/04,SpongeBob,2004
520,1,Spy Kids,Mira.,112719001,3191,26546881,3104,3/30/01,Spy Kids,2001
521,2,Spy Kids 3D: Game Over,Dim.,111761982,3388,33417739,3344,7/25/03,Spy Kids,2003
522,3,Spy Kids 2: The Island of Lost Dreams,Dim.,85846429,3307,16711716,3307,8/7/02,Spy Kids,2002
523,4,Spy Kids: All the Time in the World,W/Dim.,38538188,3305,11644672,3295,8/19/11,Spy Kids,2011
524,1,Star Trek,Par.,257730019,4053,75204289,3849,5/8/09,Star Trek,2009
525,2,Star Trek Into Darkness,Par.,228778661,3907,70165559,3868,5/16/13,Star Trek,2013
526,3,Star Trek Beyond,Par.,158848340,3928,59253211,3928,7/22/16,Star Trek,2016
527,4,Star Trek IV: The Voyage Home,Par.,109713132,1956,16881888,1349,11/26/86,Star Trek,1986
528,5,Star Trek: First Contact,Par.,92027888,2812,30716131,2812,11/22/96,Star Trek,1996
529,6,Star Trek: The Motion Picture,Par.,82258456,1002,11926421,857,12/7/79,Star Trek,1979
530,7,Star Trek II: The Wrath of Khan,Par.,78912963,1621,14347221,1621,6/4/82,Star Trek,1982
531,8,Star Trek III: The Search for Spock,Par.,76471046,1966,16673295,1966,6/1/84,Star Trek,1984
532,9,Star Trek: Generations,Par.,75671125,2681,23116394,2659,11/18/94,Star Trek,1994
533,10,Star Trek VI: The Undiscovered Country,Par.,74888996,2147,18162837,1804,12/6/91,Star Trek,1991
534,11,Star Trek: Insurrection,Par.,70187658,2677,22052836,2620,12/11/98,Star Trek,1998
535,12,Star Trek V: The Final Frontier,Par.,52210049,2202,17375648,2202,6/9/89,Star Trek,1989
536,13,Star Trek: Nemesis,Par.,43254409,2711,18513305,2711,12/13/02,Star Trek,2002
537,1,Star Wars: The Force Awakens,BV,936662225,4134,247966675,4134,12/18/15,Star Wars,2015
538,2,Star Wars: The Last Jedi,BV,620181382,4232,220009584,4232,12/15/17,Star Wars,2017
539,3,Rogue One: A Star Wars Story,BV,532177324,4157,155081681,4157,12/16/16,Star Wars,2016
540,4,Star Wars: Episode I - The Phantom Menace,Fox,431088295,3126,64820970,2970,5/19/99,Star Wars,1999
541,5,Star Wars: Episode III - Revenge of the Sith,Fox,380270577,3663,108435841,3661,5/19/05,Star Wars,2005
542,6,Star Wars,Fox,307263857,1750,1554475,43,5/25/77,Star Wars,1977
543,7,Star Wars: Episode II - Attack of the Clones,Fox,302191252,3161,80027814,3161,5/16/02,Star Wars,2002
544,8,Return of the Jedi,Fox,252583617,1764,23019618,1002,5/25/83,Star Wars,1983
545,9,The Empire Strikes Back,Fox,209398025,1278,4910483,126,5/21/80,Star Wars,1980
546,10,Solo: A Star Wars Story,BV,208159516,4381,84420489,4381,5/25/18,Star Wars,2018
547,11,Star Wars (Special Edition)(Re-release),Fox,138257865,2375,35906661,2104,1/31/97,Star Wars,1997
548,1,Rogue One: A Star Wars Story,BV,532177324,4157,155081681,4157,12/16/16,Star Wars Anthology,2016
549,2,Solo: A Star Wars Story,BV,208159516,4381,84420489,4381,5/25/18,Star Wars Anthology,2018
550,1,Batman v Superman: Dawn of Justice,WB,330360194,4256,166007347,4242,3/25/16,Superman,2016
551,2,Man of Steel,WB,291045518,4207,116619362,4207,6/14/13,Superman,2013
552,3,Superman Returns,WB,200081192,4065,52535096,4065,6/28/06,Superman,2006
553,4,Superman,WB,134218018,817,7465343,508,12/15/78,Superman,1978
554,5,Superman II,WB,108185706,1878,14100523,1397,6/19/81,Superman,1981
555,6,Superman III,WB,59950623,1763,13352357,1759,6/17/83,Superman,1983
556,7,Superman IV: The Quest for Peace,WB,15681020,1511,5683122,1511,7/24/87,Superman,1987
557,1,Taken,Fox,145000989,3184,24717037,3183,1/30/09,Taken,2009
558,2,Taken 2,Fox,139854287,3706,49514769,3661,10/5/12,Taken,2012
559,3,Taken 3,Fox,89256424,3594,39201657,3594,1/9/15,Taken,2015
560,1,Ted,Uni.,218815487,3303,54415205,3239,6/29/12,Ted,2012
561,2,Ted 2,Uni.,81476385,3448,33507870,3442,6/26/15,Ted,2015
562,1,Teenage Mutant Ninja Turtles (2014),Par.,191204754,3980,65575105,3845,8/8/14,Teenage Mutant Ninja Turtles,2014
563,2,Teenage Mutant Ninja Turtles,NL,135265915,2377,25398367,2006,3/30/90,Teenage Mutant Ninja Turtles,1990
564,3,Teenage Mutant Ninja Turtles: Out of the Shadows,Par.,82051601,4071,35316382,4071,6/3/16,Teenage Mutant Ninja Turtles,2016
565,4,Teenage Mutant Ninja Turtles II,NL,78656813,2868,20030473,2868,3/22/91,Teenage Mutant Ninja Turtles,1991
566,5,TMNT,WB,54149098,3120,24255205,3110,3/23/07,Teenage Mutant Ninja Turtles,2007
567,6,Teenage Mutant Ninja Turtles III,NL,42273609,2087,12419597,2087,3/19/93,Teenage Mutant Ninja Turtles,1993
568,1,Terminator 2: Judgment Day,TriS,204843345,2495,31765506,2274,7/3/91,Terminator,1991
569,2,Terminator 3: Rise of the Machines,WB,150371112,3504,44041440,3504,7/2/03,Terminator,2003
570,3,Terminator Salvation,WB,125322469,3602,42558390,3530,5/21/09,Terminator,2009
571,4,Terminator: Genisys,Par.,89760956,3783,27018486,3758,7/1/15,Terminator,2015
572,5,The Terminator,Orion,38371200,1112,4020663,1005,10/26/84,Terminator,1984
573,1,Thor: Ragnarok,BV,315058289,4080,122744989,4080,11/3/17,Thor,2017
574,2,Thor: The Dark World,BV,206362140,3841,85737841,3841,11/8/13,Thor,2013
575,3,Thor,Par.,181030624,3963,65723338,3955,5/6/11,Thor,2011
576,1,Toy Story 3,BV,415004880,4028,110307189,4028,6/18/10,Toy Story,2010
577,2,Toy Story 2,BV,245852179,3257,300163,1,11/19/99,Toy Story,1999
578,3,Toy Story,BV,191796233,2574,29140617,2457,11/22/95,Toy Story,1995
579,4,Toy Story / Toy Story 2 (3D),BV,30702446,1752,12491789,1745,10/2/09,Toy Story,2009
580,1,Transformers: Revenge of the Fallen,P/DW,402111870,4293,108966307,4234,6/24/09,Transformers,2009
581,2,Transformers: Dark of the Moon,P/DW,352390543,4088,97852865,4088,6/29/11,Transformers,2011
582,3,Transformers,P/DW,319246193,4050,70502384,4011,7/3/07,Transformers,2007
583,4,Transformers: Age of Extinction,Par.,245439076,4233,100038390,4233,6/27/14,Transformers,2014
584,5,Transformers: The Last Knight,Par.,130168683,4132,44680073,4069,6/21/17,Transformers,2017
585,6,Transformers: The Movie,DEG,5849647,990,1779559,990,8/8/86,Transformers,1986
586,1,The Twilight Saga: Eclipse,Sum.,300531751,4468,64832191,4468,6/30/10,Twilight,2010
587,2,The Twilight Saga: New Moon,Sum.,296623634,4124,142839137,4024,11/20/09,Twilight,2009
588,3,The Twilight Saga: Breaking Dawn Part 2,LG/S,292324737,4070,141067634,4070,11/16/12,Twilight,2012
589,4,The Twilight Saga: Breaking Dawn Part 1,Sum.,281287133,4066,138122261,4061,11/18/11,Twilight,2011
590,5,Twilight,Sum.,192769854,3649,69637740,3419,11/21/08,Twilight,2008
591,1,Split,Uni.,138291365,3373,40010975,3038,1/20/17,Unbreakable,2017
592,2,Unbreakable,BV,95011339,2708,30330771,2708,11/22/00,Unbreakable,2000
593,1,Underworld Awakening,SGem,62321039,3078,25306725,3078,1/20/12,Underworld,2012
594,2,Underworld: Evolution,SGem,62318875,3207,26857181,3207,1/20/06,Underworld,2006
595,3,Underworld,SGem,51970690,2928,21753759,2915,9/19/03,Underworld,2003
596,4,Underworld: Rise of the Lycans,SGem,45802315,2942,20828511,2942,1/23/09,Underworld,2009
597,5,Underworld: Blood Wars,SGem,30353973,3070,13688751,3070,1/6/17,Underworld,2017
598,1,Christmas Vacation,WB,71319526,1950,11750203,1744,12/1/89,Vacation,1989
599,2,National Lampoon's Vacation,WB,61399552,1253,8333358,1175,7/29/83,Vacation,1983
600,3,Vacation,WB (NL),58884188,3430,14681108,3411,7/29/15,Vacation,2015
601,4,European Vacation,WB,49364621,1547,12329627,1546,7/26/85,Vacation,1985
602,5,Vegas Vacation,WB,36400360,2070,12837927,2054,2/14/97,Vacation,1997
603,1,Logan,Fox,226277068,4071,88411916,4071,3/3/17,Wolverine,2017
604,2,X-Men Origins: Wolverine,Fox,179883157,4102,85058003,4099,5/1/09,Wolverine,2009
605,3,The Wolverine,Fox,132556852,3924,53113752,3924,7/26/13,Wolverine,2013
606,1,Deadpool,Fox,363070709,3856,132434639,3558,2/12/16,X-Men,2016
607,2,Deadpool 2,Fox,311082941,4349,125507153,4349,5/18/18,X-Men,2018
608,3,X-Men: The Last Stand,Fox,234362462,3714,102750665,3690,5/26/06,X-Men,2006
609,4,X-Men: Days of Future Past,Fox,233921534,4001,90823660,3996,5/23/14,X-Men,2014
610,5,Logan,Fox,226277068,4071,88411916,4071,3/3/17,X-Men,2017
611,6,X2: X-Men United,Fox,214949694,3749,85558731,3741,5/2/03,X-Men,2003
612,7,X-Men Origins: Wolverine,Fox,179883157,4102,85058003,4099,5/1/09,X-Men,2009
613,8,X-Men,Fox,157299717,3112,54471475,3025,7/14/00,X-Men,2000
614,9,X-Men: Apocalypse,Fox,155442489,4153,65769562,4150,5/27/16,X-Men,2016
615,10,X-Men: First Class,Fox,146408305,3692,55101604,3641,6/3/11,X-Men,2011
616,11,The Wolverine,Fox,132556852,3924,53113752,3924,7/26/13,X-Men,2013
617,1,XXX,SonR,142109382,3536,44506103,3374,8/9/02,xXx Trilogy,2002
618,2,xXx: The Return of Xander Cage,Par.,44898413,3651,20130142,3651,1/20/17,xXx Trilogy,2017
619,3,XXX: State of the Union,SonR,26873932,3480,12712272,3480,4/29/05,xXx Trilogy,2005
